<?xml version="1.0" encoding="UTF-8"?>
<project-private xmlns="http://www.netbeans.org/ns/project-private/1">
    <editor-bookmarks xmlns="http://www.netbeans.org/ns/editor-bookmarks/2" lastBookmarkId="0"/>
    <open-files xmlns="http://www.netbeans.org/ns/projectui-open-files/2">
        <group>
            <file>file:/C:/Users/User/Desktop/BikeBatteryController/ctrlFirmwareV5.X/subs.c</file>
            <file>file:/C:/Users/User/Desktop/BikeBatteryController/ctrlFirmwareV5.X/Init.c</file>
            <file>file:/C:/Users/User/Desktop/BikeBatteryController/ctrlFirmwareV5.X/main.c</file>
            <file>file:/C:/Users/User/Desktop/BikeBatteryController/ctrlFirmwareV5.X/DataIO.c</file>
            <file>file:/C:/Users/User/Desktop/BikeBatteryController/ctrlFirmwareV5.X/IRQs.c</file>
        </group>
    </open-files>
</project-private>
