Reference, Quantity, Value, Footprint, Datasheet, Category, DK_Datasheet_Link, DK_Detail_Page, Description, Digi-Key_PN, Family, MPN, Manufacturer, Status
C13 ,1,"10uf","Capacitors_SMD:C_0805","~"
C14 C28 C29 C30 C31 C33 C32 C27 C26 C25 C24 C5 C4 ,13,"10uf","Capacitors_SMD:C_1210","~"
C64 C11 C67 ,3,"1uf","Capacitors_SMD:C_0805","~"
C66 C41 C34 ,3,"100uf","Capacitors_SMD:C_0805","~"
C8 C6 C7 C17 C18 C16 C15 C19 C20 C21 C22 C23 C65 ,13,"0.1uf","Capacitors_SMD:C_0603","~"
C9 C12 C59 C54 C48 C42 C35 C60 C55 C49 C43 C36 C61 C56 C50 C44 C37 C62 C57 C51 C45 C38 C52 C46 C39 C3 C10 C2 C63 C58 C53 C47 C40 C1 ,34,"1uf","Capacitors_SMD:C_0603","~"
D1 D5 D2 D3 D7 D14 D13 D26 D24 D25 ,10,"15V","Diodes_SMD:D_SOD-123","~"
D17 ,1,"chgDetect","LEDs:LED_0603","~"
D18 ,1,"Error","LEDs:LED_0603","~"
D19 ,1,"CPUact","LEDs:LED_0603","~"
D21 ,1,"Output","LEDs:LED_0603","~"
D22 ,1,"Heat","LEDs:LED_0603","~"
D23 ,1,"Charge","LEDs:LED_0603","~"
D30 ,1,"Power","LEDs:LED_0603","~"
D4 D10 D9 D28 ,4,"D_Schottky_AAK","TO_SOT_Packages_SMD:TO-277A","~"
D6 D8 D12 D11 D20 D27 D16 D29 D15 ,9,"D_Schottky","Diodes_SMD:D_0805","~"
F1 F2 ,2,"Fuse5A","Resistors_ThroughHole:R_Axial_DIN0204_L3.6mm_D1.6mm_P7.62mm_Horizontal","~"
H1 ,1,"Charge+","Connect:1pin","~"
H11 H10 H13 H12 ,4,"mnt","Connect:1pin","~"
H2 ,1,"IntBusC-","Connect:1pin","~"
H3 ,1,"IntBusP-","Connect:1pin","~"
H4 ,1,"IntBus+","Connect:1pin","~"
H5 ,1,"Out+","Connect:1pin","~"
H6 ,1,"Out-","Connect:1pin","~"
H7 ,1,"Heater+","Connect:1pin","~"
H8 ,1,"Heater-","Connect:1pin","~"
H9 ,1,"Charge-","Connect:1pin","~"
J1 ,1,"fan","digikey-footprints:PinHeader_1x2_P2.54mm","https://media.digikey.com/pdf/Data%20Sheets/Molex%20PDFs/A-6373-N_Series_Dwg_2010-12-03.pdf","Connectors, Interconnects","https://media.digikey.com/pdf/Data%20Sheets/Molex%20PDFs/A-6373-N_Series_Dwg_2010-12-03.pdf","/product-detail/en/molex/22-23-2021/WM4200-ND/26667","CONN HEADER VERT 2POS 2.54MM","WM4200-ND","Rectangular Connectors - Headers, Male Pins","22-23-2021","Molex","Active"
J10 ,1,"U1COMMS","digikey-footprints:PinHeader_1x3_P2.54_Drill1.1mm","https://www.te.com/commerce/DocumentDelivery/DDEController?Action=srchrtrv&DocNm=640456&DocType=Customer+Drawing&DocLang=English","Connectors, Interconnects","https://www.te.com/commerce/DocumentDelivery/DDEController?Action=srchrtrv&DocNm=640456&DocType=Customer+Drawing&DocLang=English","/product-detail/en/te-connectivity-amp-connectors/640456-3/A19470-ND/259010","CONN HEADER VERT 3POS 2.54MM","A19470-ND","Rectangular Connectors - Headers, Male Pins","640456-3","TE Connectivity AMP Connectors","Active"
J11 ,1,"U2COMMS","digikey-footprints:PinHeader_1x3_P2.54_Drill1.1mm","https://www.te.com/commerce/DocumentDelivery/DDEController?Action=srchrtrv&DocNm=640456&DocType=Customer+Drawing&DocLang=English","Connectors, Interconnects","https://www.te.com/commerce/DocumentDelivery/DDEController?Action=srchrtrv&DocNm=640456&DocType=Customer+Drawing&DocLang=English","/product-detail/en/te-connectivity-amp-connectors/640456-3/A19470-ND/259010","CONN HEADER VERT 3POS 2.54MM","A19470-ND","Rectangular Connectors - Headers, Male Pins","640456-3","TE Connectivity AMP Connectors","Active"
J12 ,1,"tac","digikey-footprints:PinHeader_1x3_P2.54_Drill1.1mm","https://www.te.com/commerce/DocumentDelivery/DDEController?Action=srchrtrv&DocNm=640456&DocType=Customer+Drawing&DocLang=English","Connectors, Interconnects","https://www.te.com/commerce/DocumentDelivery/DDEController?Action=srchrtrv&DocNm=640456&DocType=Customer+Drawing&DocLang=English","/product-detail/en/te-connectivity-amp-connectors/640456-3/A19470-ND/259010","CONN HEADER VERT 3POS 2.54MM","A19470-ND","Rectangular Connectors - Headers, Male Pins","640456-3","TE Connectivity AMP Connectors","Active"
J13 ,1,"IntBTemp","digikey-footprints:PinHeader_1x3_P2.54_Drill1.1mm","https://www.te.com/commerce/DocumentDelivery/DDEController?Action=srchrtrv&DocNm=640456&DocType=Customer+Drawing&DocLang=English","Connectors, Interconnects","https://www.te.com/commerce/DocumentDelivery/DDEController?Action=srchrtrv&DocNm=640456&DocType=Customer+Drawing&DocLang=English","/product-detail/en/te-connectivity-amp-connectors/640456-3/A19470-ND/259010","CONN HEADER VERT 3POS 2.54MM","A19470-ND","Rectangular Connectors - Headers, Male Pins","640456-3","TE Connectivity AMP Connectors","Active"
J14 ,1,"ctrlTemp","digikey-footprints:PinHeader_1x3_P2.54_Drill1.1mm","https://www.te.com/commerce/DocumentDelivery/DDEController?Action=srchrtrv&DocNm=640456&DocType=Customer+Drawing&DocLang=English","Connectors, Interconnects","https://www.te.com/commerce/DocumentDelivery/DDEController?Action=srchrtrv&DocNm=640456&DocType=Customer+Drawing&DocLang=English","/product-detail/en/te-connectivity-amp-connectors/640456-3/A19470-ND/259010","CONN HEADER VERT 3POS 2.54MM","A19470-ND","Rectangular Connectors - Headers, Male Pins","640456-3","TE Connectivity AMP Connectors","Active"
J15 J16 ,2,"12Vin,out","digikey-footprints:PinHeader_1x2_P2.54mm","https://media.digikey.com/pdf/Data%20Sheets/Molex%20PDFs/A-6373-N_Series_Dwg_2010-12-03.pdf","Connectors, Interconnects","https://media.digikey.com/pdf/Data%20Sheets/Molex%20PDFs/A-6373-N_Series_Dwg_2010-12-03.pdf","/product-detail/en/molex/22-23-2021/WM4200-ND/26667","CONN HEADER VERT 2POS 2.54MM","WM4200-ND","Rectangular Connectors - Headers, Male Pins","22-23-2021","Molex","Active"
J17 J7 ,2,"5Vout","digikey-footprints:PinHeader_1x2_P2.54mm","https://media.digikey.com/pdf/Data%20Sheets/Molex%20PDFs/A-6373-N_Series_Dwg_2010-12-03.pdf","Connectors, Interconnects","https://media.digikey.com/pdf/Data%20Sheets/Molex%20PDFs/A-6373-N_Series_Dwg_2010-12-03.pdf","/product-detail/en/molex/22-23-2021/WM4200-ND/26667","CONN HEADER VERT 2POS 2.54MM","WM4200-ND","Rectangular Connectors - Headers, Male Pins","22-23-2021","Molex","Active"
J2 ,1,"blight","digikey-footprints:PinHeader_1x2_P2.54mm","https://media.digikey.com/pdf/Data%20Sheets/Molex%20PDFs/A-6373-N_Series_Dwg_2010-12-03.pdf","Connectors, Interconnects","https://media.digikey.com/pdf/Data%20Sheets/Molex%20PDFs/A-6373-N_Series_Dwg_2010-12-03.pdf","/product-detail/en/molex/22-23-2021/WM4200-ND/26667","CONN HEADER VERT 2POS 2.54MM","WM4200-ND","Rectangular Connectors - Headers, Male Pins","22-23-2021","Molex","Active"
J3 ,1,"MbrkSigRelay","digikey-footprints:PinHeader_1x2_P2.54mm","https://media.digikey.com/pdf/Data%20Sheets/Molex%20PDFs/A-6373-N_Series_Dwg_2010-12-03.pdf","Connectors, Interconnects","https://media.digikey.com/pdf/Data%20Sheets/Molex%20PDFs/A-6373-N_Series_Dwg_2010-12-03.pdf","/product-detail/en/molex/22-23-2021/WM4200-ND/26667","CONN HEADER VERT 2POS 2.54MM","WM4200-ND","Rectangular Connectors - Headers, Male Pins","22-23-2021","Molex","Active"
J5 ,1,"ICSP","Pin_Headers:Pin_Header_Straight_1x05_Pitch2.54mm","http://www.jst-mfg.com/product/pdf/eng/eXH.pdf","Connectors, Interconnects","http://www.jst-mfg.com/product/pdf/eng/eXH.pdf","/product-detail/en/jst-sales-america-inc/B5B-XH-A(LF)(SN)/455-2270-ND/1530483","CONN HEADER VERT 5POS 2.5MM","455-2270-ND","Rectangular Connectors - Headers, Male Pins","B5B-XH-A(LF)(SN)","JST Sales America Inc.","Active"
J6 ,1,"brk","digikey-footprints:PinHeader_1x2_P2.54mm","https://media.digikey.com/pdf/Data%20Sheets/Molex%20PDFs/A-6373-N_Series_Dwg_2010-12-03.pdf","Connectors, Interconnects","https://media.digikey.com/pdf/Data%20Sheets/Molex%20PDFs/A-6373-N_Series_Dwg_2010-12-03.pdf","/product-detail/en/molex/22-23-2021/WM4200-ND/26667","CONN HEADER VERT 2POS 2.54MM","WM4200-ND","Rectangular Connectors - Headers, Male Pins","22-23-2021","Molex","Active"
J9 ,1,"key","digikey-footprints:PinHeader_1x2_P2.54mm","https://media.digikey.com/pdf/Data%20Sheets/Molex%20PDFs/A-6373-N_Series_Dwg_2010-12-03.pdf","Connectors, Interconnects","https://media.digikey.com/pdf/Data%20Sheets/Molex%20PDFs/A-6373-N_Series_Dwg_2010-12-03.pdf","/product-detail/en/molex/22-23-2021/WM4200-ND/26667","CONN HEADER VERT 2POS 2.54MM","WM4200-ND","Rectangular Connectors - Headers, Male Pins","22-23-2021","Molex","Active"
L2 L1 ,2,"150nH","Inductors:Inductor_Wurth_HCI-1040","~"
L3 L4 ,2,"10uH","Inductors:Inductor_Wurth_HCI-5040","~"
Q1 Q2 Q3 Q8 ,4,"PSMN5R6-100PS","TO_SOT_Packages_SMD:TO-263-2","~"
Q4 Q6 Q5 ,3,"Q_NMOS_GDS","TO_SOT_Packages_SMD:SOT-223","~"
Q7 ,1,"DMN65D8L","TO_SOT_Packages_SMD:SOT-23","~"
Q9 ,1,"FDN340P","TO_SOT_Packages_SMD:SOT-23","~"
R1 ,1,"200K","Resistors_SMD:R_0603","~"
R12 R10 R15 R16 R17 R21 R26 R39 R40 ,9,"500","Resistors_SMD:R_0603","~"
R2 ,1,"16K","Resistors_SMD:R_0603","~"
R22 R23 R24 R29 R30 R34 R35 R36 R37 R11 R27 R42 R44 ,13,"1K","Resistors_SMD:R_0603","~"
R6 R4 R32 R9 R5 R3 ,6,"3","Resistors_SMD:R_0603","~"
R7 ,1,"8K","Resistors_SMD:R_0603","~"
R8 R13 R14 R19 R18 R28 R25 R31 R33 R20 R38 R43 R41 ,13,"10K","Resistors_SMD:R_0603","~"
U1 ,1,"R-78HB12-0.5","TO_SOT_Packages_THT:TO-220-3_Horizontal","https://www.recom-power.com/pdf/Innoline/R-78HBxx-0.5_L.pdf"
U2 ,1,"ACS780xLRTR-050B","Sensor_Current:Allegro_PSOF-7_4.8x6.4mm_P1.60mm","http://www.allegromicro.com/~/media/Files/Datasheets/ACS780-Datasheet.ashx?la=en"
U3 ,1,"IR2104","SMD_Packages:SOIC-8-N","https://www.infineon.com/dgdl/ir2104.pdf?fileId=5546d462533600a4015355c7c1c31671"
U4 ,1,"FAN3111ESX","digikey-footprints:SOT-753","https://www.onsemi.com/pub/Collateral/FAN3111E-D.pdf","Integrated Circuits (ICs)","https://www.onsemi.com/pub/Collateral/FAN3111E-D.pdf","/product-detail/en/on-semiconductor/FAN3111ESX/FAN3111ESXCT-ND/2036919","IC GATE DVR SGL 1A EXTER SOT23-5","FAN3111ESXCT-ND","PMIC - Gate Drivers","FAN3111ESX","ON Semiconductor","Active"
U5 ,1,"HCPL-3120","SMD_Packages:DIP-8_SMD","https://docs.broadcom.com/docs/AV02-0161EN"
U6 ,1,"L7805CV","TO_SOT_Packages_SMD:TO-263-2","http://www.st.com/content/ccc/resource/technical/document/datasheet/41/4f/b3/b0/12/d4/47/88/CD00000444.pdf/files/CD00000444.pdf/jcr:content/translations/en.CD00000444.pdf","Integrated Circuits (ICs)","http://www.st.com/content/ccc/resource/technical/document/datasheet/41/4f/b3/b0/12/d4/47/88/CD00000444.pdf/files/CD00000444.pdf/jcr:content/translations/en.CD00000444.pdf","/product-detail/en/stmicroelectronics/L7805CV/497-1443-5-ND/585964","IC REG LINEAR 5V 1.5A TO220AB","497-1443-5-ND","PMIC - Voltage Regulators - Linear","L7805CV","STMicroelectronics","Active"
U7 ,1,"LTV-817S","Housings_SOIC:SO-4_7.6x3.6mm_Pitch2.54mm","http://www.us.liteon.com/downloads/LTV-817-827-847.PDF"
U8 ,1,"dsPIC30F3011-PT","digikey-footprints:TQFP-44_10x10mm","","","","","","","","","Microchip",""
U9 ,1,"LM62CIM3/NOPB","TO_SOT_Packages_SMD:SOT-23","~"