Reference, Quantity, Value, Footprint, Digi-Key_PN
C14 C28 C29 C30 C31 C33 C32 C27 C26 C25 C24 C5 C4 ,13,10uf  >60v,Capacitors_SMD:C_1210,445-C3225X7R1N106K250ACCT-ND
C64 C11 C67 ,3,1uf,Capacitors_SMD:C_0805,399-8004-1-ND
C66 C41 C34 ,3,10uf,Capacitors_SMD:C_0805,490-10503-1-ND
C8 C6 C7 C17 C18 C16 C15 C19 C20 C21 C22 C23 C65 ,13,0.1uf,Capacitors_SMD:C_0603,399-7845-1-ND
C9 C12 C59 C54 C48 C42 C35 C60 C55 C49 C43 C36 C61 C56 C50 C44 C37 C62 C57 C51 C45 C38 C52 C46 C39 C3 C10 C2 C63 C58 C53 C47 C40 C1 ,34,1uf  >60v,Capacitors_SMD:C_0805,490-10918-1-ND
D1 D5 D2 D3 D7 D14 D13 D26 D24 D25 ,10,15V,Diodes_SMD:D_SOD-123,DDZ15-7DICT-ND
D17 ,1,chgDetect,LEDs:LED_0603 BLUE,160-1837-1-ND
D18 ,1,Error,LEDs:LED_0603 RED,516-1421-1-ND
D19 ,1,CPUact,LEDs:LED_0603 GREEN,511-1578-1-ND
D21 ,1,Output,LEDs:LED_0603 AMBER/ORANGE,160-1445-1-ND
D22 ,1,Heat,LEDs:LED_0603 AMBER/ORANGE,160-1445-1-ND
D23 ,1,Charge,LEDs:LED_0603 AMBER/ORANGE,160-1445-1-ND
D30 ,1,Power,LEDs:LED_0603 GREEN,511-1578-1-ND
D4 D10 D9 D28 ,4,D_Schottky_AAK,TO_SOT_Packages_SMD:TO-277A,FSV20100VCT-ND
D6 D8 D12 D11 D20 D27 D16 D29 D15 ,9,D_Schottky,Diodes_SMD:D_0805,478-7802-1-ND
L2 L1 ,2,150nH,Inductors:Inductor_Wurth_HCI-1040,535-14295-1-ND
L3 L4 ,2,10uH,Inductors:Inductor_Wurth_HCI-5040,732-5519-1-ND
Q1 Q2 Q3 Q8 ,4,PSMN5R6-100PS,TO_SOT_Packages_SMD:TO-263-2,1727-7125-1-ND
Q4 Q6 Q5 ,3,Q_NMOS_GDS,TO_SOT_Packages_SMD:SOT-223,1727-2230-1-ND
Q7 ,1,DMN65D8L,TO_SOT_Packages_SMD:SOT-23,DMN65D8L-7DICT-ND
Q9 ,1,FDN340P,TO_SOT_Packages_SMD:SOT-23,FDN340PCT-ND
R1 ,1,200K,Resistors_SMD:R_0603,P200KDBCT-ND
R12 R10 R15 R16 R17 R21 R26 R39 R40 ,9,500 OHM,Resistors_SMD:R_0603,749-1755-1-ND
R2 ,1,16K,Resistors_SMD:R_0603,P16KDBCT-ND
R22 R23 R24 R29 R30 R34 R35 R36 R37 R11 R27 R42 R44 ,13,1K,Resistors_SMD:R_0603,311-1.0KGRCT-ND
R6 R4 R32 R9 R5 R3 ,6,3 OHM,Resistors_SMD:R_0603,738-CSS0603FT3L00CT-ND
R7 ,1,8K,Resistors_SMD:R_0603, 311-8.06KHRCT-ND
R8 R13 R14 R19 R18 R28 R25 R31 R33 R20 R38 R43 R41 ,13,10K,Resistors_SMD:R_0603,311-10.0KHRCT-ND
U1 ,1,R-78HB12-0.5,TO_SOT_Packages_THT:TO-220-3_Horizontal,945-2445-ND
U2 ,1,ACS780xLRTR-050B,Sensor_Current:Allegro_PSOF-7_4.8x6.4mm_P1.60mm,620-1817-1-ND
U3 ,1,IR2104,SMD_Packages:SOIC-8-N,IR2104SPBFCT-ND
U4 ,1,FAN3111ESX,digikey-footprints:SOT-753,FAN3111ESXCT-ND
U5 ,1,HCPL-3120,SMD_Packages:DIP-8_SMD,516-1789-1-ND
U6 ,1,L7805CV,TO_SOT_Packages_SMD:TO-263-2,497-1170-1-ND
U7 ,1,LTV-817S,Housings_SOIC:SO-4_7.6x3.6mm_Pitch2.54mm,160-1893-1-ND
U8 ,1,dsPIC30F3011-PT,digikey-footprints:TQFP-44_10x10mm,DSPIC30F301130IPT-ND
U9 ,1,LM62CIM3/NOPB,TO_SOT_Packages_SMD:SOT-23,LM62CIM3/NOPBCT-ND
